<?xml version="1.0" encoding="UTF-8"?>
<!DOCTYPE suite SYSTEM "http://testng.org/testng-1.0.dtd">
<suite name="CrossBrowser" parallel="tests" thread-count="6">
	<listeners>
		<listener class-name="com.mystore.utility.ListenerClass"></listener>
	</listeners>
	<test name="ChromeTest">
		<parameter name="browser" value="Chrome"></parameter>
		<classes>
			<class name="com.mystore.testcases.IndexPageTest" />
		</classes>
	</test>

	<test name="FirefoxTest">
		<parameter name="browser" value="Firefox"></parameter>
		<classes>
			<class name="com.mystore.testcases.IndexPageTest" />
		</classes>
	</test>

	<test name="IETest">
		<parameter name="browser" value="IE"></parameter>
		<classes>
			<class name="com.mystore.testcases.IndexPageTest" />
		</classes>
	</test>
</suite> <!-- Suite -->
