<?xml version="1.0" encoding="UTF-8"?>
<!DOCTYPE suite SYSTEM "http://testng.org/testng-1.0.dtd">
<suite name="Suite">
	<listeners>
		<listener class-name="com.mystore.utility.ListenerClass"></listener>
	</listeners>
	<test thread-count="5" name="Sanity">
		<parameter name="browser" value="Chrome"></parameter>
		<groups>
			<run>
				<include name="Sanity"></include>
			</run>
		</groups>
		<classes>
			<class name="com.mystore.testcases.HomePageTest" />
			<class name="com.mystore.testcases.OrderPageTest" />
			<class name="com.mystore.testcases.SearchResultPageTest" />
			<class name="com.mystore.testcases.LoginPageTest" />
			<class name="com.mystore.testcases.AddToCartPageTest" />
			<class name="com.mystore.testcases.AccountCreationPageTest" />
			<class name="com.mystore.testcases.IndexPageTest" />
			<class name="com.mystore.testcases.EndToEndTest" />
		</classes>
	</test> <!-- Test -->
</suite> <!-- Suite -->
